,compound_,all_middle_,all_middle_count
5,a[arm] a?[measure],:,95
1,a[arm] a?[measure],-bi:,18
3,a[arm] a?[measure],-še?:,4
2,a[arm] a?[measure],-zu:,2
6,a[arm] a?[measure],:gal[big],2
0,a[arm] a?[measure],-ba:,1
4,a[arm] a?[measure],-še?:ki?[work],1
7,a[arm] a?[measure],:kilulak[murder],1
8,a[arm] a?[measure],:nun[prince],1
10,a[arm] bad[open],:,15
9,a[arm] bad[open],-na:,1
11,a[arm] dar[split],:,1
13,a[arm] dub[tremble],:,5
12,a[arm] dub[tremble],-ba:,1
22,a[arm] e[leave],:,14
16,a[arm] e[leave],-bi:,3
18,a[arm] e[leave],-ni:,3
14,a[arm] e[leave],-bi-ta:,1
15,a[arm] e[leave],-bi-še?:,1
17,a[arm] e[leave],-bi:erimdu[hostile],1
19,a[arm] e[leave],-ta:,1
20,a[arm] e[leave],-zu:,1
21,a[arm] e[leave],-?:,1
23,a[arm] e[leave],:a?[measure],1
24,a[arm] e[leave],:hul[rejoice],1
27,a[arm] gur[turn],:,2
25,a[arm] gur[turn],-bi-še?:lu[person],1
26,a[arm] gur[turn],-bi:lu[person],1
28,a[arm] il[raise],:,7
29,a[arm] il[raise],:huš[reddish],1
30,a[arm] il[raise],:mah[great],1
36,a[arm] la[hang],:,11
31,a[arm] la[hang],-na:,4
34,a[arm] la[hang],-ni:ala[manacles],3
32,a[arm] la[hang],-ne-ne-a:,1
33,a[arm] la[hang],-ni:,1
35,a[arm] la[hang],-zu:ala[manacles],1
37,a[arm] la[hang],:a?[measure],1
38,a[arm] la[hang],:šudul[yoke],1
40,a[arm] mah[great],:,59
41,a[arm] mah[great],:gal[big],2
42,a[arm] mah[great],:namursa?[heroism],2
39,a[arm] mah[great],-bi:Anzud[1],1
44,a[arm] pad[find],:,4
43,a[arm] pad[find],-bi:,1
45,a[arm] pad[find],:gal[big],1
46,a[arm] pad[find],:mah[great],1
52,a[arm] sud[distant],:,11
47,a[arm] sud[distant],-bi:,4
48,a[arm] sud[distant],-ni:,2
50,a[arm] sud[distant],-?u??:,2
49,a[arm] sud[distant],-zu:,1
51,a[arm] sud[distant],-?u??:gu[cord],1
53,a[arm] sud[distant],:da?al[wide],1
54,a[arm] sud[distant],:gal[big],1
55,a[arm] sud[distant],:kug[pure],1
56,a[arm] sud[distant],:mah[great],1
57,a[arm] tal[broad],:,7
58,a[arm] tal[broad],:bad[open],1
59,a[arm] tulu[slacken],:,1
61,a[arm] zig[rise],:,14
60,a[arm] zig[rise],-zu:,1
62,a[arm] zig[rise],:1[1],1
68,a[arm] ?al[be],:nun[prince],7
67,a[arm] ?al[be],:,2
63,a[arm] ?al[be],-bi:,1
64,a[arm] ?al[be],-na:,1
65,a[arm] ?al[be],-zu-a:lirum[strength],1
66,a[arm] ?al[be],-?:lirum[strength],1
69,a[arm] ?al[be],:piri?[lion],1
70,a[arm] ?al[be],:sig[weak],1
75,a[arm] ?ar[place],:,11
71,a[arm] ?ar[place],-ba:?eš[tree],3
80,a[arm] ?ar[place],:?eš[tree],3
74,a[arm] ?ar[place],-ni:,2
72,a[arm] ?ar[place],-bi:,1
73,a[arm] ?ar[place],-na:bad[open],1
76,a[arm] ?ar[place],:dar[split],1
77,a[arm] ?ar[place],:hulu[bad],1
78,a[arm] ?ar[place],:sed[cold],1
79,a[arm] ?ar[place],:tuku[acquire],1
82,a[arm] šum[give],:,35
86,a[arm] šum[give],:mah[great],13
81,a[arm] šum[give],-?u??:,1
83,a[arm] šum[give],:An[1],1
84,a[arm] šum[give],:gal[big],1
85,a[arm] šum[give],:kušu[tired],1
87,a[arm] šum[give],:me[battle],1
88,a[arm] šum[give],:tukul[weapon],1
90,a[water] de[pour],:,31
97,a[water] de[pour],:sed[cold],4
91,a[water] de[pour],:dug[good],3
99,a[water] de[pour],:ummud[waterskin],3
96,a[water] de[pour],:mun[salt],2
89,a[water] de[pour],-:u[grass],1
92,a[water] de[pour],:eša[flour],1
93,a[water] de[pour],:he?al[plenty],1
94,a[water] de[pour],:ki[place],1
95,a[water] de[pour],:kindar[hole],1
98,a[water] de[pour],:tul[fountain],1
100,a[water] de[pour],:?iri[foot],1
101,a[water] de[pour],:šu[hand],1
102,a[water] de[pour],:šunim[spring],1
105,a[water] dug[speak],:,25
104,a[water] dug[speak],-gin?:kilulak[murder],2
114,a[water] dug[speak],:šu[hand],2
103,a[water] dug[speak],-bi:sikil[pure],1
106,a[water] dug[speak],:Damgalnunak[1],1
107,a[water] dug[speak],:de[bring],1
108,a[water] dug[speak],:gub[bathe],1
109,a[water] dug[speak],:kab[test],1
110,a[water] dug[speak],:mal[be],1
111,a[water] dug[speak],:na?[drink],1
112,a[water] dug[speak],:sig[weak],1
113,a[water] dug[speak],:sikil[pure],1
115,a[water] dug[speak],:šunim[spring],1
118,a[water] gi[turn],:huš[reddish],4
117,a[water] gi[turn],:,2
116,a[water] gi[turn],-d:,1
119,a[water] gi[turn],:id[river],1
120,a[water] gi[turn],:ki[place],1
122,a[water] rah[beat],:,8
121,a[water] rah[beat],-e:,2
124,a[water] ri[impose],:,21
133,a[water] ri[impose],:šag[heart],6
128,a[water] ri[impose],:hur[ever],4
123,a[water] ri[impose],-e:,2
132,a[water] ri[impose],:zid[right],2
125,a[water] ri[impose],:An[1],1
126,a[water] ri[impose],:Suen[1],1
127,a[water] ri[impose],:barag[sanctum],1
129,a[water] ri[impose],:lugal[king],1
130,a[water] ri[impose],:nun[prince],1
131,a[water] ri[impose],:zagin[lapis],1
134,a[water] sur[press],:,5
135,a[water] sur[press],:dag[side],1
136,a[water] tu[cvve],:,44
138,a[water] tu[cvve],:me[battle],2
137,a[water] tu[cvve],:kug[pure],1
139,a[water] tu[cvve],:mu[incantation],1
140,a[water] tu[cvve],:zal[pass],1
143,a[water] ?ar[place],:,7
142,a[water] ?ar[place],-gin?:,3
144,a[water] ?ar[place],:na?[drink],3
141,a[water] ?ar[place],-e:,1
145,a[water] ?ar[place],:sig[clear],1
146,a[water] ?ar[place],:silim[healthy],1
150,ad[voice] gi[turn],:,63
149,ad[voice] gi[turn],-gin?:,4
147,ad[voice] gi[turn],-bi:,3
148,ad[voice] gi[turn],-e-eš:,2
151,ad[voice] gi[turn],:mah[great],1
152,ad[voice] ?ar[place],:,4
153,ad[voice] ?ar[place],:ša[cvve],2
156,ad[voice] ša[cvve],:,16
154,ad[voice] ša[cvve],-ba:murmara[noise],1
155,ad[voice] ša[cvve],-e-eš:,1
157,agakar[conquest] sig[put],-kar?:,6
158,al[hoe] ak[do],:,6
159,al[hoe] ak[do],:du[all],1
160,al[hoe] du[build],:,7
161,al[hoe] dug[speak],:,62
162,al[hoe] dug[speak],:zamin[lyre],3
163,aš[curse] bala[turn],:,7
164,aš[curse] bala[turn],:hulu[bad],1
165,aš[curse] sar[run],:,5
166,a?ur[armpit] dab[seize],:,3
168,bar[outside] hu?[hire],:,4
167,bar[outside] hu?[hire],-ra:,1
169,bar[outside] sag[good],-re:,1
170,bar[outside] sag[good],:,1
172,bar[outside] sed[cold],:,2
171,bar[outside] sed[cold],-ra-?u??:,1
173,bar[outside] tab[burn],:,2
174,budbad[sound] za[cvve],:,1
175,burburbabbar[noise] za[cvve],:,1
176,dalla[bright] e[leave],:,49
177,dalla[bright] e[leave],:mah[great],2
178,dalla[bright] e[leave],:pa[branch],1
180,da?al[wide] tag[touch],:,10
179,da?al[wide] tag[touch],-la-ke?:teš[unity],1
185,did[lawsuit] kud[cut],:,40
186,did[lawsuit] kud[cut],:gal[big],5
183,did[lawsuit] kud[cut],-da:,4
184,did[lawsuit] kud[cut],-?u??:,4
181,did[lawsuit] kud[cut],-bi-še?:,3
187,did[lawsuit] kud[cut],:kur[mountain],2
182,did[lawsuit] kud[cut],-bi:,1
188,did[lawsuit] kud[cut],:nusiki[orphan],1
189,did[lawsuit] ?ar[place],:gal[big],2
190,did[lawsuit] ?ar[place],:zid[right],1
192,dub[knee] bad[open],:,18
191,dub[knee] bad[open],-?u??:,1
193,dub[knee] bad[open],:kaskal[way],1
194,dub[knee] dub[tremble],:,1
195,dub[knee] gurum[bend],:,4
196,dub[knee] nir[winnow],:,1
197,dub[knee] sil[split],:,1
198,dub[knee] ?al[be],:,4
201,dub[knee] ?ar[place],:,5
199,dub[knee] ?ar[place],-ba:,2
200,dub[knee] ?ar[place],-ba:tuš[sit],1
202,dubdab[noise] za[cvve],:,2
203,dubdab[noise] za[cvve],:budbad[sound],1
204,dubuldabal[sound] za[cvve],:,1
207,dud[combat] mu[grow],:,20
208,dud[combat] mu[grow],:ganam[moreover],11
206,dud[combat] mu[grow],-gin?:,2
205,dud[combat] mu[grow],-da:,1
209,dud[combat] mu[grow],:hulu[bad],1
210,dud[combat] ?ar[place],:,2
211,dud[combat] ?ar[place],:gana[come-on!],1
212,dumdam[sound] ak[do],-e:,1
213,dumdam[sound] za[cvve],:,9
216,dur[buttocks] ?ar[place],:,99
218,dur[buttocks] ?ar[place],:ki[place],8
215,dur[buttocks] ?ar[place],-zu:,4
217,dur[buttocks] ?ar[place],:an[sky],2
214,dur[buttocks] ?ar[place],-ra-na:,1
219,eme[tongue] bala[turn],-zu:sahar[soil],1
220,eme[tongue] bala[turn],:,1
221,eme[tongue] bala[turn],:ti[rib],1
228,en[cvne] tar[cut],:,84
223,en[cvne] tar[cut],-bi:,9
227,en[cvne] tar[cut],-?u??:,8
226,en[cvne] tar[cut],-zu:lu[person],5
222,en[cvne] tar[cut],-bi-a:,2
224,en[cvne] tar[cut],-na:,1
225,en[cvne] tar[cut],-zu:,1
231,ennu?[imprisonment] ak[do],:,19
229,ennu?[imprisonment] ak[do],-bi:,1
230,ennu?[imprisonment] ak[do],-ta:,1
232,ennu?[imprisonment] du[build],:,2
233,ennu?[imprisonment] du[build],:lu[person],1
237,er[tears] gul[destroy],:,2
234,er[tears] gul[destroy],-ra:,1
235,er[tears] gul[destroy],-?u??:igi[eye],1
236,er[tears] gul[destroy],-še?:,1
239,er[tears] pad[find],:,22
238,er[tears] pad[find],-ra:,1
240,er[tears] pad[find],:dug[good],1
247,er[tears] šeš[weep],:gig[sick],38
245,er[tears] šeš[weep],:,32
248,er[tears] šeš[weep],:pad[find],10
246,er[tears] šeš[weep],:ane[he],5
243,er[tears] šeš[weep],-?u??:,3
244,er[tears] šeš[weep],-še?:,3
241,er[tears] šeš[weep],-ra:,1
242,er[tears] šeš[weep],-zu:,1
249,er[tears] šeš[weep],:si[fill],1
250,eš[rope] rah[beat],:,1
251,ešbar[decision] ki?[seek],:,14
252,ešbar[decision] ki?[seek],:gal[big],1
255,gaba[chest] ri[impose],:,29
254,gaba[chest] ri[impose],-na:,6
253,gaba[chest] ri[impose],-bi:,1
256,gaba[chest] rugu[withstand],:,6
257,gaba[chest] rugu[withstand],:gab[left],1
263,gaba[chest] zig[rise],:,6
261,gaba[chest] zig[rise],-zu:,5
258,gaba[chest] zig[rise],-bi:,3
259,gaba[chest] zig[rise],-na:,1
260,gaba[chest] zig[rise],-ni:,1
262,gaba[chest] zig[rise],-?u??:,1
264,gabal[fight] du[build],:,6
265,gu[neck] bar[outside],:,1
270,gu[neck] du[build],:,8
266,gu[neck] du[build],-a:,1
267,gu[neck] du[build],-ba:,1
268,gu[neck] du[build],-na:,1
269,gu[neck] du[build],-za:,1
271,gu[neck] du[build],:zuhul[pierce],1
272,gu[neck] e[leave],:,10
273,gu[neck] e[leave],:id[river],3
275,gu[neck] gid[long],:,11
276,gu[neck] gid[long],:ma[ship],4
274,gu[neck] gid[long],-bi:,3
277,gu[neck] gur[turn],:,25
280,gu[neck] il[raise],:,3
281,gu[neck] il[raise],:id[river],2
278,gu[neck] il[raise],-na:,1
279,gu[neck] il[raise],-zu:,1
283,gu[neck] la[hang],-da:,38
288,gu[neck] la[hang],:,17
291,gu[neck] la[hang],:ki[place],8
284,gu[neck] la[hang],-na:,5
282,gu[neck] la[hang],-ba:,2
285,gu[neck] la[hang],-ni:,1
286,gu[neck] la[hang],-zu:,1
287,gu[neck] la[hang],-?a?:,1
289,gu[neck] la[hang],:SA[nan],1
290,gu[neck] la[hang],:id[river],1
292,gu[neck] la[hang],:teš[unity],1
293,gu[neck] la[hang],:zag[side],1
294,gu[neck] mer[cvve],:,10
295,gu[neck] peš[thick],:,11
296,gu[neck] peš[thick],:gal[big],2
299,gu[neck] si[fill],:,21
297,gu[neck] si[fill],-a:,1
298,gu[neck] si[fill],-bi:,1
302,gu[neck] us[follow],:,5
300,gu[neck] us[follow],-be?:?iri[foot],1
301,gu[neck] us[follow],-bi:?iri[foot],1
308,gu[neck] zig[rise],:an[sky],17
304,gu[neck] zig[rise],-bi:,12
307,gu[neck] zig[rise],:,6
303,gu[neck] zig[rise],-ba:,1
305,gu[neck] zig[rise],-bi:an[sky],1
306,gu[neck] zig[rise],-ni:,1
319,gu[neck] ?al[be],:?eš[tree],10
313,gu[neck] ?al[be],:,5
312,gu[neck] ?al[be],-zu:,2
317,gu[neck] ?al[be],:ki[place],2
309,gu[neck] ?al[be],-a:,1
310,gu[neck] ?al[be],-da:,1
311,gu[neck] ?al[be],-ne:,1
314,gu[neck] ?al[be],:Idigna[1],1
315,gu[neck] ?al[be],:ašag[field],1
316,gu[neck] ?al[be],:gur[lift],1
318,gu[neck] ?al[be],:?ar[place],1
325,gu[neck] ?ar[place],:,66
328,gu[neck] ?ar[place],:ki[place],7
329,gu[neck] ?ar[place],:?eš[tree],7
320,gu[neck] ?ar[place],-ba:,2
322,gu[neck] ?ar[place],-ni:,2
321,gu[neck] ?ar[place],-bi:,1
323,gu[neck] ?ar[place],-?u??:,1
324,gu[neck] ?ar[place],-?u??:ki[place],1
326,gu[neck] ?ar[place],:TAG[nan],1
327,gu[neck] ?ar[place],:agin[thus],1
334,gu[neck] šub[fall],:,5
331,gu[neck] šub[fall],-zu:,4
330,gu[neck] šub[fall],-ni:,2
333,gu[neck] šub[fall],-?u??:,2
332,gu[neck] šub[fall],-zu:anaš[why?],1
335,gu[neck] šub[fall],:Buranun[1],1
336,gu[neck] šub[fall],:gubar[nape],1
338,gu[voice] de[pour],:,279
343,gu[voice] de[pour],:zid[right],23
339,gu[voice] de[pour],:hul[rejoice],3
340,gu[voice] de[pour],:hulu[bad],2
337,gu[voice] de[pour],-:hulu[bad],1
341,gu[voice] de[pour],:huš[reddish],1
342,gu[voice] de[pour],:kibala[rebel-land],1
344,gu[voice] dub[tremble],:,6
345,gu[voice] dub[tremble],:mir[angry],1
346,gu[voice] e[leave],:,3
347,gu[voice] e[leave],:hulu[bad],1
348,gu[voice] mur[noise],:,5
349,gu[voice] rah[beat],:,45
350,gu[voice] rah[beat],:huš[reddish],3
351,gu[voice] rah[beat],:mir[angry],3
352,gu[voice] zig[rise],:,2
353,gu[voice] zig[rise],:a[arm],1
354,gu[voice] šum[give],:,2
355,gud[nest] us[follow],:,15
356,gumgam[sound] za[cvve],:,3
357,guruš[cut] bur[spread],:,10
358,haš[thigh] dab[seize],:,1
359,haš[thigh] dug[speak],:,2
360,haš[thigh] gid[long],:,5
361,haš[thigh] rah[beat],:,3
363,haš[thigh] rah[beat],:tibir[hand],2
362,haš[thigh] rah[beat],:bar[outside],1
364,haš[thigh] ?ar[place],:,2
365,hili[attractiveness] kar[flee],:,1
366,hili[attractiveness] te?[approach],:,6
367,hub[foot] gub[stand],:,2
368,hub[foot] sar[run],:,6
369,hub[foot] šuš[cover],-?a?:,1
370,hub[foot] šuš[cover],:,1
373,hulu[bad] gig[sick],:,50
371,hulu[bad] gig[sick],-a-na:,2
372,hulu[bad] gig[sick],-a-na:er[tears],2
374,hulu[bad] tuku[acquire],:gig[sick],1
375,hunha[noise] za[cvve],:,1
376,i[oil] sur[press],:,2
377,ig[door] gub[stand],:,3
381,ig[door] gub[stand],:ud[storm],2
378,ig[door] gub[stand],:im[clay],1
379,ig[door] gub[stand],:sila[street],1
380,ig[door] gub[stand],:tumu[wind],1
382,igi[eye] bad[open],:,2
388,igi[eye] bar[outside],:,92
398,igi[eye] bar[outside],:zid[right],35
390,igi[eye] bar[outside],:hul[rejoice],8
389,igi[eye] bar[outside],:du[spread],4
392,igi[eye] bar[outside],:namtil[life],4
394,igi[eye] bar[outside],:sag[good],4
396,igi[eye] bar[outside],:sud[distant],2
383,igi[eye] bar[outside],-bi:dag[side],1
384,igi[eye] bar[outside],-ni-še?:urun[exalted],1
385,igi[eye] bar[outside],-ni:,1
386,igi[eye] bar[outside],-zu:,1
387,igi[eye] bar[outside],-?a?:,1
391,igi[eye] bar[outside],:lu[person],1
393,igi[eye] bar[outside],:ni?in[encircle],1
395,igi[eye] bar[outside],:sa?[choose],1
397,igi[eye] bar[outside],:u?[people],1
402,igi[eye] de[bring],-?u??-še?:,3
404,igi[eye] de[bring],:du[spread],2
399,igi[eye] de[bring],-bi:,1
400,igi[eye] de[bring],-za:,1
401,igi[eye] de[bring],-?a?:zah[disappear],1
403,igi[eye] de[bring],-še?:,1
405,igi[eye] de[bring],:ni?in[encircle],1
406,igi[eye] de[bring],:šag[heart],1
414,igi[eye] du[spread],:,235
415,igi[eye] du[spread],:dug[good],6
408,igi[eye] du[spread],-bi:,4
416,igi[eye] du[spread],:erim[enemy],2
407,igi[eye] du[spread],-ba:,1
409,igi[eye] du[spread],-na:,1
410,igi[eye] du[spread],-ni:zag[side],1
411,igi[eye] du[spread],-zi-ne-en-ne:,1
412,igi[eye] du[spread],-zu:,1
413,igi[eye] du[spread],-zu:zu[know],1
417,igi[eye] du[spread],:lib[daze],1
420,igi[eye] gid[long],:tur[small],2
418,igi[eye] gid[long],-zu:,1
419,igi[eye] gid[long],:bar[outside],1
423,igi[eye] gub[stand],-ni-še?:,7
431,igi[eye] gub[stand],:,5
421,igi[eye] gub[stand],-a:,2
424,igi[eye] gub[stand],-za:,2
430,igi[eye] gub[stand],-še?:,2
437,igi[eye] gub[stand],:lugal[king],2
422,igi[eye] gub[stand],-bi-še?:tukul[weapon],1
425,igi[eye] gub[stand],-zu-u?:aba[who?],1
426,igi[eye] gub[stand],-zu-še?:,1
427,igi[eye] gub[stand],-zu:,1
428,igi[eye] gub[stand],-?u??-gin?:silim[healthy],1
429,igi[eye] gub[stand],-?u??:,1
432,igi[eye] gub[stand],:amaru[flood],1
433,igi[eye] gub[stand],:an[sky],1
434,igi[eye] gub[stand],:bar[outside],1
435,igi[eye] gub[stand],:dalla[bright],1
436,igi[eye] gub[stand],:huš[reddish],1
438,igi[eye] hulu[bad],:,6
439,igi[eye] hulu[bad],:?al[be],1
445,igi[eye] il[raise],:,62
451,igi[eye] il[raise],:huš[reddish],6
455,igi[eye] il[raise],:sud[distant],5
447,igi[eye] il[raise],:bahargal[potter],4
454,igi[eye] il[raise],:sipadtur[shepherd],4
443,igi[eye] il[raise],-zu:,3
450,igi[eye] il[raise],:engar[farmer],3
446,igi[eye] il[raise],:1[1],2
452,igi[eye] il[raise],:nukirik[gardener],2
440,igi[eye] il[raise],-ni-a:,1
441,igi[eye] il[raise],-ni-še?:,1
442,igi[eye] il[raise],-ni:sig[weak],1
444,igi[eye] il[raise],-?u??:,1
448,igi[eye] il[raise],:bar[outside],1
449,igi[eye] il[raise],:dugud[heavy],1
453,igi[eye] il[raise],:sa?[head],1
456,igi[eye] il[raise],:zid[right],1
457,igi[eye] kar[blow],:,18
461,igi[eye] la[hang],:,7
458,igi[eye] la[hang],-bi-ta:uš[blood],1
459,igi[eye] la[hang],-ni:kur[mountain],1
460,igi[eye] la[hang],-zu-še?:,1
462,igi[eye] la[hang],:sa?[choose],1
463,igi[eye] lib[daze],:,7
464,igi[eye] lib[daze],:il[raise],1
465,igi[eye] lib[daze],:ud[storm],1
466,igi[eye] rugu[withstand],:,1
470,igi[eye] sag[good],:,24
468,igi[eye] sag[good],-bi-a:,3
467,igi[eye] sag[good],-a:,1
469,igi[eye] sag[good],-ni-še?:,1
471,igi[eye] sag[good],:du[spread],1
472,igi[eye] sag[good],:gunu[speckled],1
473,igi[eye] sag[good],:kalam[land],1
475,igi[eye] sig[put],:,8
474,igi[eye] sig[put],-?a?:sahar[soil],2
476,igi[eye] suh[extract],:,4
478,igi[eye] tab[double],:,13
477,igi[eye] tab[double],-ba:,3
482,igi[eye] ?al[be],-bi:,29
488,igi[eye] ?al[be],:,29
483,igi[eye] ?al[be],-ni:,3
485,igi[eye] ?al[be],-zu:,3
486,igi[eye] ?al[be],-?a?:,2
487,igi[eye] ?al[be],-?u??:,2
479,igi[eye] ?al[be],-a:,1
480,igi[eye] ?al[be],-ba:teš[vigor],1
481,igi[eye] ?al[be],-bi-a:,1
484,igi[eye] ?al[be],-za:,1
489,igi[eye] ?al[be],:du[spread],1
490,igi[eye] ?al[be],:teš[vigor],1
500,igi[eye] ?ar[place],-ni:,9
505,igi[eye] ?ar[place],:,7
491,igi[eye] ?ar[place],-ba:šembizida[kohl],4
502,igi[eye] ?ar[place],-zu:,4
495,igi[eye] ?ar[place],-bi:kišar[earth],2
497,igi[eye] ?ar[place],-ne-ne:,2
499,igi[eye] ?ar[place],-ni-še?:,2
501,igi[eye] ?ar[place],-zu-še?:,2
492,igi[eye] ?ar[place],-bi-a:ud[sun],1
493,igi[eye] ?ar[place],-bi-še?:,1
494,igi[eye] ?ar[place],-bi:ki[place],1
496,igi[eye] ?ar[place],-na:,1
498,igi[eye] ?ar[place],-ni-a:,1
503,igi[eye] ?ar[place],-?u??-ta:,1
504,igi[eye] ?ar[place],-?u??:,1
506,igi[eye] ?ar[place],:Enlil[1],1
509,in[abuse] dub[tremble],-še?:,10
510,in[abuse] dub[tremble],:,5
507,in[abuse] dub[tremble],-a-ni:,1
508,in[abuse] dub[tremble],-nu:,1
511,in[abuse] dub[tremble],:gig[sick],1
512,in[abuse] dub[tremble],:lulaga[thief],1
514,in[sector] dub[heap],:,6
513,in[sector] dub[heap],-?u??:,1
515,inim[word] bala[turn],:,16
516,inim[word] bala[turn],:dug[speak],3
517,inim[word] bala[turn],:gin[firm],1
518,inim[word] bala[turn],:lu[person],1
519,inim[word] bala[turn],:suh[extract],1
520,inim[word] bala[turn],:ububul[lightning],1
522,inim[word] gi[turn],:,39
521,inim[word] gi[turn],-ma:,2
523,inim[word] gi[turn],:dug[good],1
524,inim[word] gi[turn],:dug[speak],1
525,inim[word] gi[turn],:šu[hand],1
527,inim[word] gin[firm],:,14
526,inim[word] gin[firm],-zu:,1
529,inim[word] hulu[bad],:,5
528,inim[word] hulu[bad],-zu:ukur[poor],1
530,inim[word] hulu[bad],:dirig[float],1
531,inim[word] hulu[bad],:kur[different],1
533,inim[word] sig[put],-ma:,14
535,inim[word] sig[put],:,7
534,inim[word] sig[put],-?a?:,3
532,inim[word] sig[put],-e:,2
536,inim[word] sig[put],:kag[mouth],1
537,inim[word] sig[put],:šag[heart],1
539,inim[word] ?al[be],-bi:kag[mouth],7
542,inim[word] ?al[be],:,7
541,inim[word] ?al[be],-še?:,3
544,inim[word] ?al[be],:šag[heart],3
538,inim[word] ?al[be],-bi-še?:ni?nam[anything],1
540,inim[word] ?al[be],-ma:nir[trust],1
543,inim[word] ?al[be],:kag[mouth],1
550,inim[word] ?ar[place],:,19
549,inim[word] ?ar[place],-zu:,2
557,inim[word] ?ar[place],:ki[place],2
545,inim[word] ?ar[place],-:dirig[float],1
546,inim[word] ?ar[place],-bi:kag[mouth],1
547,inim[word] ?ar[place],-ma-bi:,1
548,inim[word] ?ar[place],-ma-ni:ki[place],1
551,inim[word] ?ar[place],:Enki[1],1
552,inim[word] ?ar[place],:dug[good],1
553,inim[word] ?ar[place],:dug[speak],1
554,inim[word] ?ar[place],:hul[rejoice],1
555,inim[word] ?ar[place],:kag[mouth],1
556,inim[word] ?ar[place],:kalag[strong],1
558,inim[word] šar[3600],:,5
559,inim[word] šar[3600],:dug[speak],1
560,isiš[tears] ?ar[place],:,8
562,kag[mouth] bad[open],:kug[pure],2
561,kag[mouth] bad[open],:,1
567,kag[mouth] bala[turn],:lul[false],2
563,kag[mouth] bala[turn],-az-zu:,1
564,kag[mouth] bala[turn],-na:,1
565,kag[mouth] bala[turn],-?u??:,1
566,kag[mouth] bala[turn],:,1
568,kag[mouth] bala[turn],:tar[cut],1
572,kag[mouth] de[bring],-na:šu[hand],2
574,kag[mouth] de[bring],:kug[pure],2
569,kag[mouth] de[bring],-a-?u??-u?:ir[scent],1
570,kag[mouth] de[bring],-e:,1
571,kag[mouth] de[bring],-ge-e:,1
573,kag[mouth] de[bring],:,1
576,kag[mouth] du[spread],:,16
575,kag[mouth] du[spread],-bi:,4
577,kag[mouth] du[spread],:kug[pure],1
578,kaš[beer] sur[press],:,5
579,kaš[decision] bar[outside],:,41
580,kaš[decision] bar[outside],:IGI[nan],1
581,kaš[decision] bar[outside],:kalam[land],1
582,kaš[decision] bar[outside],:kur[mountain],1
583,kaš[decision] bar[outside],:mah[great],1
585,kaš[runner] dug[speak],:,20
584,kaš[runner] dug[speak],-e:kab[test],1
586,kaš[runner] dug[speak],:kalag[strong],1
587,kaš[runner] gunu[speckled],:,1
588,kaš[runner] kar[flee],:,7
589,kaš[runner] sar[run],-e:,1
590,kaš[urine] sur[press],:,1
593,ki[place] a?[measure],:,561
594,ki[place] a?[measure],:a[arm],5
595,ki[place] a?[measure],:gal[big],2
591,ki[place] a?[measure],-i:gal[big],1
592,ki[place] a?[measure],-še?:,1
596,ki[place] a?[measure],:namburšuma[~official],1
598,ki[place] dar[split],:,12
599,ki[place] dar[split],:dug[good],3
597,ki[place] dar[split],-a:su[flesh],1
601,ki[place] deg[collect],:,3
600,ki[place] deg[collect],-a:nadeg[advice],2
604,ki[place] hur[scratch],:,6
602,ki[place] hur[scratch],-a:,1
603,ki[place] hur[scratch],-bi-da:?ešhur[plan],1
605,ki[place] hur[scratch],:galam[skilful],1
606,ki[place] hur[scratch],:igi[eye],1
607,ki[place] hur[scratch],:?ešhur[plan],1
611,ki[place] ki?[seek],:,10
608,ki[place] ki?[seek],-bi:,2
609,ki[place] ki?[seek],-zu:,1
610,ki[place] ki?[seek],-?u??:,1
612,ki[place] ki?[seek],:Inanak[1],1
613,ki[place] ki?[seek],:duru[wet],1
614,ki[place] ki?[seek],:sig[silent],1
620,ki[place] la[hang],-še?:,8
621,ki[place] la[hang],:,8
624,ki[place] la[hang],:šu[hand],5
615,ki[place] la[hang],-da:gu[cord],1
616,ki[place] la[hang],-da:gu[neck],1
617,ki[place] la[hang],-e:,1
618,ki[place] la[hang],-ta:,1
619,ki[place] la[hang],-ta:gu[neck],1
622,ki[place] la[hang],:?iri[foot],1
623,ki[place] la[hang],:šeš[brother],1
626,ki[place] sub[rub],:,12
625,ki[place] sub[rub],-a:,2
629,ki[place] sur[press],:,5
627,ki[place] sur[press],-bi:,1
628,ki[place] sur[press],-?u??:,1
630,ki[place] sur[press],:an[sky],1
633,ki[place] tag[touch],:,43
635,ki[place] tag[touch],:šu[hand],3
632,ki[place] tag[touch],-a:šu[hand],2
631,ki[place] tag[touch],-a:kušum[cvne],1
634,ki[place] tag[touch],:zag[side],1
636,ki[place] tum[suitable],:zišag?al[encouragement],2
638,ki[place] us[follow],:,100
637,ki[place] us[follow],-a:,1
639,ki[place] us[follow],:kug[pure],1
640,ki[place] za[cvve],-a:,1
651,ki[place] ?ar[place],:,98
645,ki[place] ?ar[place],-bi-še?:,30
649,ki[place] ?ar[place],-še?:,10
641,ki[place] ?ar[place],-a:,3
644,ki[place] ?ar[place],-bi-ta:igi[eye],3
657,ki[place] ?ar[place],:kur[different],3
655,ki[place] ?ar[place],:huš[reddish],2
656,ki[place] ?ar[place],:kug[pure],2
642,ki[place] ?ar[place],-a:ud[sun],1
643,ki[place] ?ar[place],-a:šu[hand],1
646,ki[place] ?ar[place],-da:,1
647,ki[place] ?ar[place],-ni:,1
648,ki[place] ?ar[place],-ta:,1
650,ki[place] ?ar[place],-še?:ušumgal[dragon],1
652,ki[place] ?ar[place],:dug[good],1
653,ki[place] ?ar[place],:ellag[ball],1
654,ki[place] ?ar[place],:gal[big],1
658,ki[place] ?ar[place],:namšukud[fishing],1
659,ki[place] ?ar[place],:ni?[thing],1
660,ki[place] ?ar[place],:ni??-gur?1[possessions],1
661,ki[place] ?ar[place],:?ešhur[plan],1
662,ki[place] ?ar[place],:?iri[foot],1
663,ki[place] ?ar[place],:šakira[plant],1
664,kiri[nose] du[build],:,1
665,kiri[nose] du[build],:šu[hand],1
669,kiri[nose] hur[scratch],:,7
667,kiri[nose] hur[scratch],-ni:,2
666,kiri[nose] hur[scratch],-na:,1
668,kiri[nose] hur[scratch],-zu:,1
670,kiri[nose] ur[smell],:,5
671,kišer[limit] tuku[acquire],-ra:,11
672,kišer[limit] tuku[acquire],:,3
673,kunkan[sound] za[cvve],:,1
675,kuš[devastation] su[sink],:,9
677,kuš[devastation] su[sink],:lu[person],2
674,kuš[devastation] su[sink],-za:,1
676,kuš[devastation] su[sink],:kalam[land],1
678,kušum[cvne] tag[touch],:,9
679,kušum[cvne] tag[touch],:ki[place],1
680,ma[ship] da[cvve],:,1
682,ma[ship] gid[long],:,10
681,ma[ship] gid[long],-ta:,1
685,me[Being] ?ar[place],:,7
683,me[Being] ?ar[place],-a:lu[person],1
684,me[Being] ?ar[place],-gin?:,1
686,me[Being] ?ar[place],:ul[distant],1
687,me[Being] ?ar[place],:šu[hand],1
688,meteš[praise] e[leave],:,42
695,mi[cvne] dug[speak],:,84
699,mi[cvne] dug[speak],:zid[right],48
697,mi[cvne] dug[speak],:dug[good],5
694,mi[cvne] dug[speak],-eš?:,4
690,mi[cvne] dug[speak],-bi-im:,3
691,mi[cvne] dug[speak],-bi:sud[distant],3
696,mi[cvne] dug[speak],:ar[praise],3
689,mi[cvne] dug[speak],-am?:,1
692,mi[cvne] dug[speak],-e-eš:,1
693,mi[cvne] dug[speak],-e-eš?:,1
698,mi[cvne] dug[speak],:tukul[weapon],1
700,mulmal[sound] za[cvve],:,4
701,murmara[noise] ša[cvve],:,22
702,murmara[noise] ša[cvve],:gig[sick],2
703,murmara[noise] ša[cvve],:ni[self],1
704,muš[face] de[bring],:,47
706,na[man] deg[collect],:,7
705,na[man] deg[collect],-bi:,1
707,nam[fate] kud[cut],:,54
708,nam[fate] kud[cut],:uš[die],1
722,nam[fate] tar[cut],:,293
725,nam[fate] tar[cut],:dug[good],43
712,nam[fate] tar[cut],-bi:,18
726,nam[fate] tar[cut],:gal[big],15
721,nam[fate] tar[cut],-še?:,14
713,nam[fate] tar[cut],-e-eš:,8
718,nam[fate] tar[cut],-zu:,5
730,nam[fate] tar[cut],:kur[mountain],5
728,nam[fate] tar[cut],:kalam[land],3
717,nam[fate] tar[cut],-zu-ne:,2
720,nam[fate] tar[cut],-?u??:,2
723,nam[fate] tar[cut],:Lagaš[1],2
729,nam[fate] tar[cut],:ki[place],2
735,nam[fate] tar[cut],:zid[right],2
709,nam[fate] tar[cut],-:,1
710,nam[fate] tar[cut],-a-ni:,1
711,nam[fate] tar[cut],-a-ni:gal[big],1
714,nam[fate] tar[cut],-e-eš?:,1
715,nam[fate] tar[cut],-ma-ni:,1
716,nam[fate] tar[cut],-ma-ni:gal[big],1
719,nam[fate] tar[cut],-?i?:,1
724,nam[fate] tar[cut],:Urnamma[1],1
727,nam[fate] tar[cut],:iri[city],1
731,nam[fate] tar[cut],:namtil[life],1
732,nam[fate] tar[cut],:ni[self],1
733,nam[fate] tar[cut],:ul[distant],1
734,nam[fate] tar[cut],:uru2[town],1
737,namerim[oath] kud[cut],:,3
736,namerim[oath] kud[cut],-ma:,1
738,na?a[potash] dub[tremble],:,5
739,na?a[potash] sub[rub],:,2
741,ne[cvne] sub[rub],:,47
740,ne[cvne] sub[rub],-bi:,4
742,ne[cvne] sub[rub],:1[1],4
743,ni[fear] gid[long],:šag[heart],1
744,ni[fear] gur[lift],:,36
745,ni[fear] gur[lift],:gal[big],15
746,ni[fear] gur[lift],:huš[reddish],6
747,ni[fear] gur[lift],:melim[splendor],4
748,ni[fear] kar[blow],:,1
750,ni[fear] te?[approach],:,92
749,ni[fear] te?[approach],-?u??:,3
753,ni[fear] te?[approach],:šu[hand],2
751,ni[fear] te?[approach],:er[tears],1
752,ni[fear] te?[approach],:ul[hasten],1
755,ni[self] bulu?[grow],:,7
754,ni[self] bulu?[grow],-bi:,5
759,ni[self] dub[tremble],:,19
756,ni[self] dub[tremble],-ba:,2
757,ni[self] dub[tremble],-bi-a:šu[hand],1
758,ni[self] dub[tremble],-bi:aba[who?],1
760,ni[self] dub[tremble],:igi[eye],1
761,ni[self] gur[thick],:,1
766,ni[self] il[raise],:,7
762,ni[self] il[raise],-ba:,1
763,ni[self] il[raise],-bi-a:,1
764,ni[self] il[raise],-bi:,1
765,ni[self] il[raise],-?u??:sa?[head],1
768,ni[self] ten[extinguish],:,25
767,ni[self] ten[extinguish],-ba:,1
769,nim[fly] ?ir[flash],-gin?:,11
770,nim[fly] ?ir[flash],:,7
771,nir[trust] ?al[be],:,24
773,numun[seed] e[leave],:,22
776,numun[seed] e[leave],:zid[right],3
772,numun[seed] e[leave],-a:,1
774,numun[seed] e[leave],:namlulu[humanity],1
775,numun[seed] e[leave],:ni?zi?al[living-creature],1
777,pa[branch] e[leave],:,221
778,pa[branch] e[leave],?:,2
779,pudpad[sound] za[cvve],:,1
780,sa[advice] dug[speak],:pad[find],1
781,sa[advice] sig[put],:,3
783,sa[net] la[hang],:,10
782,sa[net] la[hang],-:,1
784,sa[sinew] gi[turn],:,8
785,sa[sinew] gi[turn],?:,1
786,sa[sinew] la[hang],:,3
787,sa[sinew] la[hang],?1:,1
788,sa?[head] bala[turn],:,7
789,sa?[head] bala[turn],:šu[hand],3
791,sa?[head] du[build],:,7
790,sa?[head] du[build],-gin?:,3
793,sa?[head] du[build],:šu[hand],2
792,sa?[head] du[build],:egar[wall],1
794,sa?[head] dub[tremble],:,8
795,sa?[head] dub[tremble],:giggi[black],1
798,sa?[head] e[leave],-bi-še?:,19
802,sa?[head] e[leave],-?a?:,2
803,sa?[head] e[leave],:a[arm],2
805,sa?[head] e[leave],:til[complete],2
796,sa?[head] e[leave],-be?-eš:,1
797,sa?[head] e[leave],-bi-iš:,1
799,sa?[head] e[leave],-bi:,1
800,sa?[head] e[leave],-biš:,1
801,sa?[head] e[leave],-gin?:,1
804,sa?[head] e[leave],:a[water],1
808,sa?[head] gi[turn],:,13
806,sa?[head] gi[turn],-?a?-ni:sahar[soil],1
807,sa?[head] gi[turn],-še?:,1
809,sa?[head] gid[long],-bi-ta:,1
810,sa?[head] gid[long],:,1
816,sa?[head] il[raise],:,139
817,sa?[head] il[raise],:an[sky],23
814,sa?[head] il[raise],-zu:,5
812,sa?[head] il[raise],-bi:,2
811,sa?[head] il[raise],-ba:,1
813,sa?[head] il[raise],-ta:,1
815,sa?[head] il[raise],-?a?:gurun[fruit],1
818,sa?[head] il[raise],:zig[rise],1
820,sa?[head] kal[rare],:,9
819,sa?[head] kal[rare],-bi:,1
821,sa?[head] kal[rare],:us[follow],1
822,sa?[head] kešed[bind],:,26
823,sa?[head] mu[grow],:,7
824,sa?[head] mu[grow],:hulu[bad],1
826,sa?[head] rig[donate],-e-eš:,61
832,sa?[head] rig[donate],:,18
830,sa?[head] rig[donate],-eš?:,5
827,sa?[head] rig[donate],-e-eš?:,4
831,sa?[head] rig[donate],-še?:,4
825,sa?[head] rig[donate],-e-eš-e:,1
828,sa?[head] rig[donate],-e:,1
829,sa?[head] rig[donate],-eš:,1
833,sa?[head] sag[beat],:,27
834,sa?[head] sal[thin],:,3
835,sa?[head] sal[thin],:erin[people],1
836,sa?[head] sal[thin],:gu[neck],1
837,sa?[head] sal[thin],:ni[self],1
838,sa?[head] sig[put],:,19
839,sa?[head] sig[put],:kal[rare],1
840,sa?[head] sig[put],:kešed[bind],1
841,sa?[head] tal[broad],:,1
848,sa?[head] us[follow],:,34
849,sa?[head] us[follow],:aba[who?],2
850,sa?[head] us[follow],:an[sky],2
842,sa?[head] us[follow],-a:tuš[sit],1
843,sa?[head] us[follow],-ba:,1
844,sa?[head] us[follow],-zu:,1
845,sa?[head] us[follow],-?a?-na:?iri[foot],1
846,sa?[head] us[follow],-?a?-ni:?iri[foot],1
847,sa?[head] us[follow],-?u??:,1
855,sa?[head] zig[rise],:,7
852,sa?[head] zig[rise],-bi:,2
851,sa?[head] zig[rise],-ba:,1
853,sa?[head] zig[rise],-zu:,1
854,sa?[head] zig[rise],-še?:,1
856,sa?[head] zig[rise],:šu[hand],1
858,sa?[head] ?al[be],-?a?:,17
859,sa?[head] ?al[be],:,5
860,sa?[head] ?al[be],:50[50],3
857,sa?[head] ?al[be],-?a?-na:,2
866,sa?[head] ?al[be],:mete[appropriate-thing],2
861,sa?[head] ?al[be],:did[lawsuit],1
862,sa?[head] ?al[be],:gu[neck],1
863,sa?[head] ?al[be],:il[raise],1
864,sa?[head] ?al[be],:ki[place],1
865,sa?[head] ?al[be],:kun[tail],1
867,sa?[head] ?al[be],:šu[hand],1
870,sa?[head] šum[give],:,23
872,sa?[head] šum[give],:kešed[bind],2
868,sa?[head] šum[give],-zu:,1
869,sa?[head] šum[give],-?a?-na:,1
871,sa?[head] šum[give],:dalla[bright],1
873,sa?[head] šum[give],:name[any],1
876,sa?ki[forehead] gid[long],:,17
874,sa?ki[forehead] gid[long],-ni:,2
875,sa?ki[forehead] gid[long],-za:,2
880,si[horn] ak[do],:sa[equal],2
877,si[horn] ak[do],-zu-ta:sahar[soil],1
878,si[horn] ak[do],:,1
879,si[horn] ak[do],:pad[break],1
881,si[horn] e[leave],:gur[lift],2
882,si[horn] mu[grow],:,3
884,si[horn] sa[equal],:,369
883,si[horn] sa[equal],-:,2
885,si[horn] sa[equal],:nam[fate],1
886,si[horn] sa[equal],?:,1
887,su[flesh] sag[beat],:,5
888,su[flesh] sag[beat],?:,1
892,su[flesh] zig[rise],:,42
889,su[flesh] zig[rise],-ba:,1
890,su[flesh] zig[rise],-bi:,1
891,su[flesh] zig[rise],-?a?:,1
893,su[flesh] zig[rise],:kalam[land],1
896,sug[marsh] gu[eat],-ge?:,7
894,sug[marsh] gu[eat],-e:,1
895,sug[marsh] gu[eat],-ge:,1
898,sugzag[~marsh] gu[eat],-ge?:,5
897,sugzag[~marsh] gu[eat],-ge:,1
899,suhsah[sound] za[cvve],:,2
900,taka[abandon] la[hang],:,5
901,ti[arrow] rah[beat],:,1
904,ti[rib] bala[turn],:,4
902,ti[rib] bala[turn],-ba:,1
903,ti[rib] bala[turn],-na:,1
905,tug[textile] sig[put],:,4
906,tug[textile] sig[put],:nammunus[femininity],1
907,tug[textile] tag[touch],-ga:šu[hand],1
908,tug[textile] ur[drag],:,1
909,u[admiration] dug[speak],:,95
911,u[admiration] dug[speak],:dug[good],11
910,u[admiration] dug[speak],:DAG[nan],1
912,u[sleep] ku[place],:,28
913,u[sleep] ku[place],:dug[good],10
914,u[sleep] ku[place],:lul[false],1
915,ud[sun] šuš[cover],:,74
916,ugu[cvne] de[pour],:,41
917,ugul[cvne] ?ar[place],:,14
918,ugul[cvne] ?ar[place],:zid[right],1
919,ul[swell] šar[3600],:en[lord],1
922,uma[triumph] gub[stand],:,8
921,uma[triumph] gub[stand],-?u??:,2
920,uma[triumph] gub[stand],-ni:,1
923,umbin[nail] ki?[seek],:,3
924,umbin[nail] la[hang],:,3
928,ur[liver] sag[good],:,32
927,ur[liver] sag[good],-zu:,3
925,ur[liver] sag[good],-bi:,1
926,ur[liver] sag[good],-me:,1
929,usar[cvne] ak[do],:,10
930,uš[foundation] gu[eat],:,3
931,zag[side] dib[pass],:,32
932,zag[side] kešed[bind],:,20
933,zag[side] kešed[bind],:zu[tooth],1
935,zag[side] tag[touch],:,33
934,zag[side] tag[touch],-zu:,1
938,zag[side] us[follow],:,5
937,zag[side] us[follow],-?u??:,4
940,zag[side] us[follow],:egar[wall],4
936,zag[side] us[follow],-bi-a:,1
939,zag[side] us[follow],:e[house],1
941,zag[side] ša[cvve],:,2
944,zi[life] de[bring],-?u??:,8
943,zi[life] de[bring],-ni:,7
942,zi[life] de[bring],-bi:,4
945,zi[life] de[bring],:,1
946,zi[life] gi[turn],:,6
947,zi[life] ir[cvve],:,16
949,zi[life] pa?[breathe],:,6
951,zi[life] pa?[breathe],:gig[sick],2
948,zi[life] pa?[breathe],-ni-še?:,1
950,zi[life] pa?[breathe],:dug[good],1
952,zi[life] pa?[breathe],:hulu[bad],1
954,zu[tooth] bir[cvve],:,7
953,zu[tooth] bir[cvve],-:,1
955,zu[tooth] gaz[kill],:,4
956,zu[tooth] gu[eat],:,1
957,zu[tooth] gub[stand],:,11
959,zu[tooth] kešed[bind],:,68
958,zu[tooth] kešed[bind],-ni:,1
961,zu[tooth] kud[cut],:,7
960,zu[tooth] kud[cut],-zu:,1
962,zu[tooth] rah[beat],:,8
963,zu[tooth] rah[beat],:ki[place],1
964,zu[tooth] rah[beat],:lu[person],1
965,zu[tooth] rah[beat],:ses[bitter],1
966,zu[tooth] rah[beat],:?iri[dagger],1
968,zu[tooth] ur[cvve],:,3
967,zu[tooth] ur[cvve],-ni-ta:,1
969,?al[open] taka[abandon],:,55
970,?ala[cvne] dag[demolish],:,31
971,?eš[penis] du[build],:,5
972,?eš[penis] dug[speak],:,41
973,?eš[penis] dug[speak],:1[1],4
974,?eš[penis] sur[press],:,1
975,?eš[penis] zig[rise],:,2
976,?eš[penis] zig[rise],:a[arm],1
977,?eš[tree] hur[scratch],:,7
978,?eš[tree] la[hang],:,12
979,?eš[tree] la[hang],:teš[unity],2
980,?eš[tree] rah[beat],:,34
981,?eš[tree] rah[beat],:hulu[bad],1
982,?eš[tree] tag[touch],:,36
983,?eš[tree] tag[touch],:hulu[bad],1
984,?eš[tree] tuku[acquire],:,55
985,?eš[tree] tuku[acquire],:tag[touch],1
986,?eš[tree] ur[drag],:,4
987,?eškim[sign] til[live],:,9
988,?eškim[sign] til[live],:lugal[king],1
989,?eštug[ear] deg[collect],:,10
990,?eštug[ear] du[build],:,1
991,?eštug[ear] gub[stand],:,31
992,?eštug[ear] gub[stand],:7[7],1
993,?eštug[ear] gub[stand],:mah[great],1
994,?eštug[ear] gub[stand],:sila[street],1
995,?eštug[ear] la[hang],:,1
996,?eštug[ear] ulu[cvve],:,7
997,?eštug[ear] ?ar[place],:,10
998,?eštug[ear] šum[give],:,20
999,?eštug[ear] šum[give],:kalam[land],1
1000,?eštug[ear] šum[give],:mah[great],1
1001,?i[night] sa[equal],:,10
1002,?iri[foot] bad[open],-ni:,1
1003,?iri[foot] bad[open],-zu:,1
1004,?iri[foot] bad[open],:,1
1012,?iri[foot] dab[seize],:kur[different],19
1009,?iri[foot] dab[seize],:,7
1006,?iri[foot] dab[seize],-ni:,3
1008,?iri[foot] dab[seize],-zu:,3
1005,?iri[foot] dab[seize],-bi:,1
1007,?iri[foot] dab[seize],-zu-a:,1
1010,?iri[foot] dab[seize],:Iddindagan[1],1
1011,?iri[foot] dab[seize],:hum[snap],1
1024,?iri[foot] gub[stand],:,40
1017,?iri[foot] gub[stand],-ni:,9
1018,?iri[foot] gub[stand],-ni:dili[single],7
1020,?iri[foot] gub[stand],-zu:,6
1025,?iri[foot] gub[stand],:hul[rejoice],6
1013,?iri[foot] gub[stand],-bi:,3
1023,?iri[foot] gub[stand],-?u??:,3
1014,?iri[foot] gub[stand],-na:,1
1015,?iri[foot] gub[stand],-ne-ne:,1
1016,?iri[foot] gub[stand],-ni-še?:,1
1019,?iri[foot] gub[stand],-za:,1
1021,?iri[foot] gub[stand],-zu:bad[open],1
1022,?iri[foot] gub[stand],-zu:ki[place],1
1026,?iri[foot] gub[stand],:il[raise],1
1027,?iri[foot] gub[stand],:kur[mountain],1
1029,?iri[foot] kur[different],:,25
1028,?iri[foot] kur[different],-ni:,1
1030,?iri[foot] ni?in[encircle],:,2
1036,?iri[foot] sig[put],-za:,5
1031,?iri[foot] sig[put],-ba:,3
1039,?iri[foot] sig[put],:mašda[gazelle],3
1033,?iri[foot] sig[put],-na:,2
1032,?iri[foot] sig[put],-me-a:,1
1034,?iri[foot] sig[put],-ni-še?:,1
1035,?iri[foot] sig[put],-ni:gub[stand],1
1037,?iri[foot] sig[put],-zu:,1
1038,?iri[foot] sig[put],:ki[place],1
1040,?iri[foot] ul[hasten],:,3
1043,?iri[foot] us[follow],:,8
1042,?iri[foot] us[follow],-?u??:ki[place],2
1045,?iri[foot] us[follow],:ki[place],2
1041,?iri[foot] us[follow],-zu:ki[place],1
1044,?iri[foot] us[follow],:gub[stand],1
1046,?iri[foot] zir[break],-ni:,1
1047,?iri[foot] zir[break],:,1
1048,?iri[foot] zir[break],:anaš[why?],1
1049,?iri[foot] zukum[tread],:,1
1056,?iri[foot] ?ar[place],:,19
1052,?iri[foot] ?ar[place],-ni:,5
1055,?iri[foot] ?ar[place],-zu-še?:,3
1050,?iri[foot] ?ar[place],-bi-a:,1
1051,?iri[foot] ?ar[place],-bi:,1
1053,?iri[foot] ?ar[place],-ni:gu[neck],1
1054,?iri[foot] ?ar[place],-zu-uš:,1
1059,šag[heart] bala[turn],:,2
1057,šag[heart] bala[turn],-ga:mu[year],1
1058,šag[heart] bala[turn],-ge:ti[rib],1
1060,šag[heart] dab[seize],:,22
1061,šag[heart] dab[seize],:?al[be],1
1062,šag[heart] dar[split],:,2
1071,šag[heart] de[bring],-ge:,14
1065,šag[heart] de[bring],-ga-ni:,5
1080,šag[heart] de[bring],:kug[pure],4
1072,šag[heart] de[bring],-ta:,3
1066,šag[heart] de[bring],-ga-ni:ana[what?],2
1075,šag[heart] de[bring],-?u??:,2
1063,šag[heart] de[bring],-ba:hul[rejoice],1
1064,šag[heart] de[bring],-ga-na:hul[rejoice],1
1067,šag[heart] de[bring],-ga-ni:ni?erim[evil],1
1068,šag[heart] de[bring],-ga-ni:zid[right],1
1069,šag[heart] de[bring],-ga:,1
1070,šag[heart] de[bring],-ga:lil[ghost],1
1073,šag[heart] de[bring],-za-ta:,1
1074,šag[heart] de[bring],-zu:agin[thus],1
1076,šag[heart] de[bring],-?u??:ni?azig[violence],1
1077,šag[heart] de[bring],:,1
1078,šag[heart] de[bring],:gur[thick],1
1079,šag[heart] de[bring],:hul[rejoice],1
1081,šag[heart] de[bring],:kušu[tired],1
1089,šag[heart] dug[good],:,12
1087,šag[heart] dug[good],-zu:,5
1084,šag[heart] dug[good],-ga-ni:,3
1086,šag[heart] dug[good],-ge:,3
1095,šag[heart] dug[good],:lugal[king],2
1082,šag[heart] dug[good],-ba:nar[musician],1
1083,šag[heart] dug[good],-bi:,1
1085,šag[heart] dug[good],-ga-ni:me[be],1
1088,šag[heart] dug[good],-?u??:,1
1090,šag[heart] dug[good],:Enlil[1],1
1091,šag[heart] dug[good],:Nibru[1],1
1092,šag[heart] dug[good],:aya[father],1
1093,šag[heart] dug[good],:iri[city],1
1094,šag[heart] dug[good],:kalam[land],1
1096,šag[heart] dug[good],:mada[land],1
1097,šag[heart] dug[good],:ud[sun],1
1100,šag[heart] gur[thick],:,6
1098,šag[heart] gur[thick],-me-a:,1
1099,šag[heart] gur[thick],-zu:,1
1112,šag[heart] hul[rejoice],:,107
1106,šag[heart] hul[rejoice],-ga-ni:,6
1104,šag[heart] hul[rejoice],-bi:,4
1109,šag[heart] hul[rejoice],-zu:,3
1101,šag[heart] hul[rejoice],-ba-a:,1
1102,šag[heart] hul[rejoice],-ba:,1
1103,šag[heart] hul[rejoice],-ba:enedi[game],1
1105,šag[heart] hul[rejoice],-ga-na:,1
1107,šag[heart] hul[rejoice],-me:,1
1108,šag[heart] hul[rejoice],-za-ra:za?e[you],1
1110,šag[heart] hul[rejoice],-?a?:,1
1111,šag[heart] hul[rejoice],-?u??:,1
1113,šag[heart] hul[rejoice],:An[1],1
1114,šag[heart] hul[rejoice],:Enlil[1],1
1118,šag[heart] hu?[hire],:,10
1117,šag[heart] hu?[hire],-zu:,7
1121,šag[heart] hu?[hire],:di?ir[deity],4
1120,šag[heart] hu?[hire],:Nanna[1],2
1123,šag[heart] hu?[hire],:kug[pure],2
1115,šag[heart] hu?[hire],-ga-na:,1
1116,šag[heart] hu?[hire],-ga:,1
1119,šag[heart] hu?[hire],:An[1],1
1122,šag[heart] hu?[hire],:ib[angry],1
1124,šag[heart] kušu[tired],:,54
1126,šag[heart] sag[beat],:,30
1125,šag[heart] sag[beat],-ga-a-ni:,1
1127,šag[heart] sag[beat],:izi[fire],1
1135,šag[heart] sag[good],:Inanak[1],3
1131,šag[heart] sag[good],-?a?:,2
1139,šag[heart] sag[good],:u[grass],2
1128,šag[heart] sag[good],-bi:,1
1129,šag[heart] sag[good],-ga-ni:,1
1130,šag[heart] sag[good],-ge:de[bring],1
1132,šag[heart] sag[good],-še?:gid[long],1
1133,šag[heart] sag[good],:,1
1134,šag[heart] sag[good],:Enlil[1],1
1136,šag[heart] sag[good],:Ninurtak[1],1
1137,šag[heart] sag[good],:i-bi2[eye],1
1138,šag[heart] sag[good],:sud[distant],1
1145,šag[heart] sed[cold],:,5
1143,šag[heart] sed[cold],-zu:,4
1144,šag[heart] sed[cold],-?u??:,3
1140,šag[heart] sed[cold],-bi:,1
1141,šag[heart] sed[cold],-ga-na:,1
1142,šag[heart] sed[cold],-ge:,1
1146,šag[heart] sed[cold],:aya[father],1
1147,šag[heart] sed[cold],:hulu[bad],1
1148,šag[heart] sed[cold],:mir[angry],1
1151,šag[heart] sig[put],-ga:,3
1152,šag[heart] sig[put],:,2
1149,šag[heart] sig[put],-bi:teš[unity],1
1150,šag[heart] sig[put],-ga-na-ke?:inim[word],1
1153,šag[heart] sig[put],:Enlil[1],1
1154,šag[heart] sig[put],:gu[voice],1
1156,šag[heart] sur[press],:,3
1155,šag[heart] sur[press],-za:hulu[bad],1
1157,šag[heart] sur[press],:da?al[wide],1
1158,šeg[voice] gi[turn],:,5
1159,šu[hand] bad[open],:,18
1161,šu[hand] bala[turn],:,62
1160,šu[hand] bala[turn],-a:,9
1162,šu[hand] bala[turn],:lul[false],1
1163,šu[hand] bala[turn],:te?[approach],1
1165,šu[hand] bar[outside],:,63
1164,šu[hand] bar[outside],-bi:,4
1166,šu[hand] bar[outside],:ba[allot],1
1177,šu[hand] dab[seize],:,22
1171,šu[hand] dab[seize],-ni:,13
1175,šu[hand] dab[seize],-?a?:,4
1172,šu[hand] dab[seize],-ni:šudu[handcuffs],3
1178,šu[hand] dab[seize],:du[push],3
1168,šu[hand] dab[seize],-na:,2
1170,šu[hand] dab[seize],-ni-še?:,2
1167,šu[hand] dab[seize],-ba:anaš[why?],1
1169,šu[hand] dab[seize],-ni-a:,1
1173,šu[hand] dab[seize],-zu-uš:,1
1174,šu[hand] dab[seize],-zu:šudu[handcuffs],1
1176,šu[hand] dab[seize],-še?:,1
1179,šu[hand] dab[seize],:gig[sick],1
1180,šu[hand] dab[seize],:hulu[bad],1
1181,šu[hand] dab[seize],:mah[great],1
1182,šu[hand] dag[demolish],:,23
1185,šu[hand] de[bring],:,14
1191,šu[hand] de[bring],:zid[right],4
1183,šu[hand] de[bring],-ni:,3
1184,šu[hand] de[bring],-ni:ni?kud[due],1
1186,šu[hand] de[bring],:du[push],1
1187,šu[hand] de[bring],:du[spread],1
1188,šu[hand] de[bring],:gi[turn],1
1189,šu[hand] de[bring],:lu[person],1
1190,šu[hand] de[bring],:sed[cold],1
1192,šu[hand] dim[check],:,7
1198,šu[hand] du[build],:,16
1193,šu[hand] du[build],-na:,2
1194,šu[hand] du[build],-ne-ne:,2
1197,šu[hand] du[build],-?a?:,2
1195,šu[hand] du[build],-ni:,1
1196,šu[hand] du[build],-ni:garig[comb],1
1199,šu[hand] du[build],:gal[big],1
1200,šu[hand] du[build],:garig[comb],1
1201,šu[hand] du[build],:hulu[bad],1
1202,šu[hand] du[push],:,150
1204,šu[hand] du[push],:gal[big],17
1203,šu[hand] du[push],:du[spread],2
1205,šu[hand] du[push],:zid[right],2
1208,šu[hand] du[spread],:,40
1206,šu[hand] du[spread],-na:,2
1207,šu[hand] du[spread],-ni-a:,1
1209,šu[hand] du[spread],:gal[big],1
1210,šu[hand] du[spread],:gid[long],1
1211,šu[hand] du[spread],:sag[beat],1
1212,šu[hand] du[spread],:ses[bitter],1
1213,šu[hand] dub[tremble],:,4
1222,šu[hand] dug[speak],:,35
1240,šu[hand] dug[speak],:tag[touch],12
1226,šu[hand] dug[speak],:da?al[wide],10
1239,šu[hand] dug[speak],:suh[confuse],10
1230,šu[hand] dug[speak],:hulu[bad],8
1235,šu[hand] dug[speak],:pel[defile],5
1236,šu[hand] dug[speak],:sa[equal],4
1215,šu[hand] dug[speak],-ni:,2
1217,šu[hand] dug[speak],-ta:,2
1221,šu[hand] dug[speak],-?u??:sa[equal],2
1223,šu[hand] dug[speak],:NE[nan],2
1229,šu[hand] dug[speak],:gid[long],2
1232,šu[hand] dug[speak],:lil[ghost],2
1241,šu[hand] dug[speak],:tahab[soak?],2
1214,šu[hand] dug[speak],-na:a[water],1
1216,šu[hand] dug[speak],-ni:sa[equal],1
1218,šu[hand] dug[speak],-ta:enedi[game],1
1219,šu[hand] dug[speak],-zu:he?al[plenty],1
1220,šu[hand] dug[speak],-?a?:sa[equal],1
1224,šu[hand] dug[speak],:ah[spittle],1
1225,šu[hand] dug[speak],:dab[seize],1
1227,šu[hand] dug[speak],:du[push],1
1228,šu[hand] dug[speak],:gi[turn],1
1231,šu[hand] dug[speak],:kindar[hole],1
1233,šu[hand] dug[speak],:lul[false],1
1234,šu[hand] dug[speak],:mah[great],1
1237,šu[hand] dug[speak],:sa?[head],1
1238,šu[hand] dug[speak],:sig[weak],1
1242,šu[hand] dug[speak],:te?[approach],1
1243,šu[hand] dug[speak],:ur[drag],1
1244,šu[hand] dug[speak],:zig[rise],1
1255,šu[hand] e[leave],:,14
1248,šu[hand] e[leave],-ni:,4
1251,šu[hand] e[leave],-zu:,3
1246,šu[hand] e[leave],-bi:,2
1253,šu[hand] e[leave],-?u??:,2
1256,šu[hand] e[leave],:dili[single],2
1245,šu[hand] e[leave],-a:,1
1247,šu[hand] e[leave],-na:,1
1249,šu[hand] e[leave],-ta:,1
1250,šu[hand] e[leave],-zu-ta:,1
1252,šu[hand] e[leave],-?a?:,1
1254,šu[hand] e[leave],-?u??:šurin[oven],1
1266,šu[hand] gi[turn],:,43
1258,šu[hand] gi[turn],-a:,18
1261,šu[hand] gi[turn],-na:,18
1274,šu[hand] gi[turn],:?ar[place],6
1259,šu[hand] gi[turn],-ba:,5
1262,šu[hand] gi[turn],-ni-a:,4
1260,šu[hand] gi[turn],-bi:,3
1267,šu[hand] gi[turn],:iri[city],2
1268,šu[hand] gi[turn],:kar[blow],2
1257,šu[hand] gi[turn],-:KA[nan],1
1263,šu[hand] gi[turn],-ni:dab[seize],1
1264,šu[hand] gi[turn],-zu:lu[person],1
1265,šu[hand] gi[turn],-?u??:,1
1269,šu[hand] gi[turn],:mah[great],1
1270,šu[hand] gi[turn],:namsag[pleasure],1
1271,šu[hand] gi[turn],:ni[self],1
1272,šu[hand] gi[turn],:te?[approach],1
1273,šu[hand] gi[turn],:udbita[former],1
1280,šu[hand] gid[long],:,52
1277,šu[hand] gid[long],-ni:bed[defecate],3
1283,šu[hand] gid[long],:gig[sick],2
1275,šu[hand] gid[long],-bi:,1
1276,šu[hand] gid[long],-ni:,1
1278,šu[hand] gid[long],-?u??:,1
1279,šu[hand] gid[long],-?u??:aba[who?],1
1281,šu[hand] gid[long],:bala[turn],1
1282,šu[hand] gid[long],:dirig[float],1
1284,šu[hand] gid[long],:mah[great],1
1285,šu[hand] gid[long],:sikil[pure],1
1287,šu[hand] gur[turn],:,12
1286,šu[hand] gur[turn],-a:te?[approach],1
1288,šu[hand] gur[turn],:te?[approach],1
1290,šu[hand] hulu[bad],:,14
1289,šu[hand] hulu[bad],-am?:,2
1291,šu[hand] hulu[bad],:šub[fall],1
1292,šu[hand] huz[cvve],:,3
1293,šu[hand] il[raise],:,14
1294,šu[hand] il[raise],:an[sky],1
1295,šu[hand] il[raise],:gurun[fruit],1
1296,šu[hand] il[raise],:kug[pure],1
1297,šu[hand] il[raise],:ni?in[encircle],1
1298,šu[hand] il[raise],:zid[right],1
1299,šu[hand] kar[blow],:,6
1301,šu[hand] kar[flee],:,6
1300,šu[hand] kar[flee],-ta:,1
1310,šu[hand] la[hang],:,26
1309,šu[hand] la[hang],-še?:,11
1306,šu[hand] la[hang],-ni-še?:,6
1303,šu[hand] la[hang],-bi-še?:,3
1307,šu[hand] la[hang],-zu-še?:,2
1302,šu[hand] la[hang],-a:,1
1304,šu[hand] la[hang],-bi:azad[head],1
1305,šu[hand] la[hang],-na:,1
1308,šu[hand] la[hang],-?u??:eš[rope],1
1311,šu[hand] la[hang],:namnar[musicianship],1
1312,šu[hand] mu[grow],:,22
1314,šu[hand] ni?in[encircle],:,29
1313,šu[hand] ni?in[encircle],-uš:,1
1315,šu[hand] pel[defile],:,11
1317,šu[hand] peš[thick],:,14
1316,šu[hand] peš[thick],-ni:,1
1319,šu[hand] rah[beat],:,8
1318,šu[hand] rah[beat],-a:,1
1320,šu[hand] rugu[withstand],:,3
1321,šu[hand] rugu[withstand],:teš[unity],1
1322,šu[hand] sil[split],:,2
1323,šu[hand] sil[split],:hal[divide],1
1324,šu[hand] sub[rub],:,13
1325,šu[hand] sub[rub],:ak[do],1
1326,šu[hand] sud[distant],-bi:,2
1327,šu[hand] sud[distant],:bad[open],1
1333,šu[hand] tag[touch],:,59
1331,šu[hand] tag[touch],-zu:,6
1332,šu[hand] tag[touch],-?u??:,3
1334,šu[hand] tag[touch],:da?al[wide],2
1328,šu[hand] tag[touch],-ni:nan[nan],1
1329,šu[hand] tag[touch],-ni:su[flesh],1
1330,šu[hand] tag[touch],-za:,1
1337,šu[hand] taka[abandon],:,8
1335,šu[hand] taka[abandon],-na:,1
1336,šu[hand] taka[abandon],-ni:,1
1342,šu[hand] te?[approach],:,149
1339,šu[hand] te?[approach],-ni:,3
1338,šu[hand] te?[approach],-a:,1
1340,šu[hand] te?[approach],-u?:,1
1341,šu[hand] te?[approach],-zu:,1
1343,šu[hand] te?[approach],:?al[be],1
1344,šu[hand] tubul[cvve],:,1
1345,šu[hand] tutu[cvve],:,7
1347,šu[hand] ur[drag],:,25
1346,šu[hand] ur[drag],-ni:,1
1349,šu[hand] us[follow],:,18
1350,šu[hand] us[follow],:hulu[bad],4
1348,šu[hand] us[follow],-zu:egar[form],2
1352,šu[hand] zig[rise],:,19
1351,šu[hand] zig[rise],-ni:,7
1353,šu[hand] zig[rise],:an[sky],1
1354,šu[hand] zig[rise],:dili[single],1
1355,šu[hand] zig[rise],:tag[touch],1
1371,šu[hand] ?al[be],:,68
1360,šu[hand] ?al[be],-na:,10
1361,šu[hand] ?al[be],-ni-a:,5
1376,šu[hand] ?al[be],:?ar[place],4
1365,šu[hand] ?al[be],-zu-še?:,3
1367,šu[hand] ?al[be],-?a?:,3
1362,šu[hand] ?al[be],-ni-še?:,2
1363,šu[hand] ?al[be],-ni:,2
1373,šu[hand] ?al[be],:gi[turn],2
1375,šu[hand] ?al[be],:tab[double],2
1356,šu[hand] ?al[be],-a:,1
1357,šu[hand] ?al[be],-ba:,1
1358,šu[hand] ?al[be],-bi-a:,1
1359,šu[hand] ?al[be],-bi:kiri[nose],1
1364,šu[hand] ?al[be],-zu-ta:,1
1366,šu[hand] ?al[be],-zu:,1
1368,šu[hand] ?al[be],-?a?:nan[nan],1
1369,šu[hand] ?al[be],-?u??-ta:,1
1370,šu[hand] ?al[be],-?u??-še?:,1
1372,šu[hand] ?al[be],:bar[outside],1
1374,šu[hand] ?al[be],:kiri[nose],1
1377,šu[hand] ?al[be],:šag[heart],1
1396,šu[hand] ?ar[place],:,38
1399,šu[hand] ?ar[place],:zid[right],14
1395,šu[hand] ?ar[place],-še?:,10
1383,šu[hand] ?ar[place],-ni-še?:,7
1381,šu[hand] ?ar[place],-na:,5
1384,šu[hand] ?ar[place],-ni:,5
1389,šu[hand] ?ar[place],-zu-še?:,5
1378,šu[hand] ?ar[place],-a:,2
1380,šu[hand] ?ar[place],-ba:?eš[tree],2
1382,šu[hand] ?ar[place],-na:?eš[tree],2
1385,šu[hand] ?ar[place],-ta:,2
1387,šu[hand] ?ar[place],-za:,2
1390,šu[hand] ?ar[place],-zu:,2
1391,šu[hand] ?ar[place],-?a?:,2
1393,šu[hand] ?ar[place],-?u??-še?:,2
1379,šu[hand] ?ar[place],-ba:,1
1386,šu[hand] ?ar[place],-um:,1
1388,šu[hand] ?ar[place],-zu-uš:,1
1392,šu[hand] ?ar[place],-?a?:?al[be],1
1394,šu[hand] ?ar[place],-?u??:,1
1397,šu[hand] ?ar[place],:kug[pure],1
1398,šu[hand] ?ar[place],:sa?[head],1
1400,šu[hand] ?ar[place],:zig[rise],1
1402,šu[hand] šanšaša[cvve],:,8
1401,šu[hand] šanšaša[cvve],-ni:,1
1407,šu[hand] šum[give],-za:,4
1406,šu[hand] šum[give],-ni:,3
1412,šu[hand] šum[give],:dab[seize],3
1409,šu[hand] šum[give],-?u??:,2
1410,šu[hand] šum[give],-še?:,2
1411,šu[hand] šum[give],:,2
1413,šu[hand] šum[give],:muš[snake],2
1403,šu[hand] šum[give],-na:,1
1404,šu[hand] šum[give],-ne-ne-a:,1
1405,šu[hand] šum[give],-ni-še?:,1
1408,šu[hand] šum[give],-?u??-še?:,1
1414,šu[hand] šum[give],:rah[beat],1
1416,šu[hand] šuš[cover],:,6
1415,šu[hand] šuš[cover],-a:,1
1418,šud[prayer] ša[cvve],:,22
1417,šud[prayer] ša[cvve],-zu:,1
1419,šud[prayer] ša[cvve],:arazu[supplication],1
1420,šukin[prostration] dab[seize],:,6
